YIL149C	YNL216W	YCR024CB	YAL033W	YPL144W	YDR188W	YJL026W	YLR442C	YAL034C	YDR100W	YPL145C	YNL144C	YJL090C	YGL030W	YDR024W	YHR203C	YOL127W	YPR104C	YGR033C	YOL128C
0.6242220	0.9601647	0.3370607	0.2876277	0.1593490	0.4521253	0.4088754	0.6022118	0.8296245	0.5008623	0.1935792	0.1438287	0.3182944	0.0064582	0.1217137	0.7198765	0.2397440	0.9173126	0.7923110	0.5535476
